id,order_id,catalog_item_id,qty,price_each
1,1,64,1,406.43
2,2,163,1,459.38
3,2,397,1,172.49
4,3,154,1,293.46
5,3,145,2,158.56
6,3,402,1,355.87
7,4,96,1,214.59
8,4,371,1,157.89
9,4,220,1,384.25
10,4,197,1,73.09
11,4,80,1,395.12
12,5,186,2,386.69
13,5,170,1,26.63
14,6,245,1,405.27
15,6,481,2,101.04
16,7,205,2,73.51
17,7,257,1,242.89
18,8,86,1,140.03
19,8,151,2,50.40
20,8,228,2,442.89
21,9,102,2,326.73
22,9,150,1,147.01
23,10,263,1,79.01
24,10,434,1,147.61
25,10,309,1,123.03
26,11,248,1,149.18
27,12,70,3,274.32
28,12,21,1,237.72
29,13,107,1,368.92
30,13,341,1,179.39
31,13,347,2,91.67
32,14,469,1,104.79
33,14,205,2,161.22
34,14,318,1,494.62
35,14,485,1,377.88
36,15,451,2,196.39
37,16,435,1,303.21
38,16,185,1,164.00
39,16,82,1,151.34
40,16,457,1,215.93
41,17,59,1,320.57
42,17,373,1,376.20
43,17,164,3,75.68
44,17,449,1,38.28
45,18,461,2,189.15
46,18,79,1,267.08
47,18,408,1,142.95
48,19,220,3,146.36
49,19,503,1,72.19
50,19,76,1,449.85
51,20,371,1,65.07
52,21,133,1,47.68
53,22,129,3,322.96
54,22,461,1,261.09
55,22,132,2,391.23
56,22,187,1,68.87
57,23,231,1,470.75
58,23,291,2,129.05
59,23,282,1,154.90
60,23,96,1,88.47
61,24,43,2,19.04
62,24,47,2,386.66
63,24,272,1,384.64
64,24,427,1,19.99
65,24,297,1,154.54
66,25,349,1,159.73
67,26,109,1,235.90
68,26,274,1,74.73
69,26,52,1,195.15
70,27,24,1,199.65
71,27,469,3,111.50
72,28,9,2,218.31
73,28,271,1,383.11
74,28,375,1,30.32
75,29,122,1,52.86
76,29,383,1,172.85
77,29,375,1,103.53
78,30,486,1,78.73
79,31,345,1,257.31
80,31,502,1,153.40
81,31,18,1,338.53
82,32,486,1,329.52
83,32,234,1,293.84
84,33,20,1,212.30
85,33,423,1,208.14
86,33,483,2,369.24
87,34,351,1,339.55
88,34,271,1,100.17
89,35,501,1,177.66
90,35,281,1,288.87
91,36,453,1,374.93
92,36,220,1,271.60
93,36,279,1,309.76
94,37,484,1,386.53
95,37,6,3,489.07
96,37,162,1,467.84
97,38,238,1,362.94
98,38,39,2,91.66
99,38,181,2,22.99
100,39,110,2,170.85
101,39,466,3,273.93
102,39,506,2,71.43
103,39,517,1,100.44
104,40,198,1,428.79
105,40,416,2,260.06
106,40,89,1,52.22
107,41,338,1,362.83
108,41,12,1,182.98
109,42,319,1,321.16
110,42,303,1,114.32
111,42,137,1,230.21
112,43,254,1,299.93
113,43,84,1,266.45
114,44,154,1,427.97
115,44,453,1,106.67
116,45,474,1,157.54
117,45,23,1,409.14
118,46,62,2,39.16
119,46,484,1,207.39
120,46,139,1,489.27
121,47,137,1,177.15
122,47,183,3,199.56
123,47,131,1,115.23
124,47,4,1,489.35
125,47,475,1,274.50
126,48,116,1,331.80
127,48,17,1,38.31
128,48,35,1,337.65
129,48,50,1,26.90
130,49,327,1,387.41
131,49,329,1,438.75
132,49,227,1,141.20
133,50,391,1,162.77
134,50,427,1,153.44
135,50,189,1,239.39
136,51,138,1,131.22
137,51,339,1,461.50
138,51,380,1,363.67
139,51,196,1,191.70
140,52,491,1,453.98
141,52,311,3,12.59
142,53,316,1,258.84
143,54,227,1,13.03
144,54,428,1,102.11
145,54,236,1,417.51
146,55,174,1,275.54
147,55,189,2,273.36
148,55,61,1,420.34
149,55,77,2,335.77
150,56,224,1,189.73
151,56,495,1,12.79
152,56,422,1,267.06
153,56,282,1,146.91
154,57,363,1,201.46
155,57,383,3,232.20
156,58,33,1,192.74
157,58,488,1,9.68
158,59,217,2,347.68
159,59,487,1,462.46
160,60,148,1,357.79
161,60,408,2,153.14
162,60,247,1,425.47
163,61,101,1,420.14
164,61,349,1,308.86
165,61,407,3,166.56
166,62,191,1,332.03
167,63,158,1,161.76
168,63,110,1,471.77
169,63,456,1,138.53
170,63,136,1,218.33
171,64,333,2,11.11
172,64,424,1,46.93
173,64,249,1,88.94
174,64,390,1,138.11
175,65,253,1,250.42
176,65,201,1,72.07
177,65,7,2,169.45
178,66,308,1,473.90
179,67,249,1,143.75
180,67,403,1,466.37
181,68,71,2,398.85
182,69,460,3,242.22
183,69,411,1,462.13
184,70,88,1,127.87
185,70,364,1,308.28
186,70,410,3,169.14
187,71,457,1,234.22
188,72,88,1,470.63
189,72,146,1,174.82
190,73,118,1,174.82
191,73,112,1,86.36
192,73,250,1,278.20
193,74,443,1,370.01
194,74,203,1,217.63
195,74,5,1,106.86
196,75,321,1,307.60
197,75,117,1,423.53
198,75,177,2,354.46
199,75,305,2,297.13
200,76,145,1,212.03
201,77,192,1,228.25
202,77,55,2,476.16
203,77,497,1,408.53
204,78,172,1,20.28
205,78,226,1,141.05
206,78,296,1,231.37
207,79,376,1,379.61
208,79,452,1,494.94
209,79,105,1,328.57
210,80,121,1,122.29
211,81,360,1,300.44
212,81,173,1,353.51
213,81,297,1,476.44
214,82,61,3,434.19
215,82,130,1,70.68
216,82,150,1,415.10
217,83,96,1,376.15
218,84,96,1,231.93
219,84,367,2,398.86
220,84,408,1,217.67
221,85,352,2,382.32
222,86,439,1,345.85
223,86,136,2,154.42
224,87,54,1,156.23
225,87,240,1,50.14
226,88,456,1,349.32
227,89,141,1,407.62
228,89,137,1,340.18
229,90,219,1,79.93
230,90,422,1,223.98
231,90,223,1,54.73
232,90,127,1,195.10
233,90,440,1,74.22
234,91,309,1,305.43
235,91,194,1,151.29
236,91,56,1,397.92
237,92,13,3,467.29
238,93,15,1,24.71
239,93,62,2,202.00
240,93,294,1,253.02
241,93,426,1,204.13
242,94,160,1,198.41
243,94,68,1,221.56
244,94,245,1,47.68
245,95,12,1,476.74
246,95,266,1,67.83
247,95,276,1,63.44
248,96,79,1,257.84
249,96,57,1,285.61
250,96,377,1,387.80
251,97,154,1,480.37
252,97,37,1,457.40
253,97,430,1,127.89
254,97,328,1,43.55
255,98,71,2,433.69
256,98,319,1,278.78
257,98,9,1,149.34
258,99,252,1,466.54
259,99,25,1,176.48
260,99,10,3,5.72
261,99,386,2,364.97
262,100,287,1,461.03
263,101,404,1,286.07
264,101,446,1,69.70
265,101,299,1,160.93
266,102,140,1,294.43
267,102,160,1,227.54
268,102,322,1,270.28
269,103,42,1,429.00
270,103,152,1,127.87
271,103,365,1,29.23
272,103,307,1,495.38
273,104,228,1,412.72
274,104,382,1,469.10
275,104,87,1,133.12
276,104,77,1,36.91
277,105,173,2,219.41
278,105,405,1,194.45
279,105,437,1,111.28
280,105,192,1,225.78
281,106,63,1,194.59
282,106,430,1,442.90
283,106,256,1,402.07
284,107,515,1,138.87
285,108,367,1,499.80
286,108,164,1,330.15
287,108,273,1,396.66
288,109,178,1,298.30
289,109,368,2,18.96
290,109,361,2,283.99
291,109,193,2,406.15
292,109,505,1,91.90
293,109,39,1,120.15
294,110,134,1,92.84
295,111,374,3,189.93
296,111,406,1,171.60
297,111,331,1,82.96
298,111,448,1,480.53
299,112,315,1,150.79
300,112,182,1,474.65
301,112,401,2,386.56
302,112,34,1,162.52
303,113,356,3,88.10
304,113,91,2,336.66
305,114,263,1,361.60
306,114,50,1,367.63
307,114,171,2,249.08
308,115,463,1,423.65
309,115,302,1,134.26
310,115,108,1,89.20
311,116,495,1,218.51
312,116,169,1,219.93
313,117,289,1,52.48
314,117,403,1,420.73
315,117,158,1,6.89
316,117,90,1,332.70
317,118,485,2,157.63
318,118,408,1,447.96
319,119,270,1,137.94
320,119,64,1,349.75
321,119,100,1,175.18
322,119,424,3,296.91
323,120,487,1,121.64
324,120,307,1,451.87
325,120,36,1,450.73
326,121,130,1,43.79
327,121,446,1,412.17
328,121,152,2,132.65
329,121,69,1,280.40
330,121,334,2,262.25
331,122,103,2,283.53
332,122,104,1,434.40
333,123,413,1,306.28
334,123,412,1,445.34
335,124,346,2,155.01
336,124,288,2,429.83
337,124,101,3,117.84
338,125,217,2,206.55
339,125,497,1,434.26
340,126,30,1,438.21
341,126,206,2,128.50
342,127,32,1,246.95
343,128,93,1,196.35
344,128,167,2,391.02
345,128,220,2,325.45
346,128,212,1,207.71
347,129,313,1,356.14
348,129,282,1,191.36
349,129,358,1,113.01
350,130,290,1,58.51
351,130,66,1,141.86
352,130,333,2,134.27
353,130,306,1,261.06
354,130,247,2,403.69
355,131,429,1,369.68
356,131,195,1,358.12
357,132,188,2,450.30
358,132,92,1,115.55
359,132,315,1,443.99
360,133,73,1,101.30
361,133,123,2,193.93
362,134,469,1,431.89
363,135,215,1,88.46
364,135,163,1,382.97
365,135,91,1,219.69
366,135,440,1,482.84
367,136,353,1,55.84
368,136,516,1,87.67
369,136,47,1,148.96
370,137,169,2,459.51
371,138,517,1,186.46
372,138,39,1,321.96
373,138,50,1,28.74
374,139,157,1,344.44
375,139,10,1,332.52
376,139,277,1,351.86
377,140,109,1,306.46
378,140,270,2,486.69
379,140,367,1,151.20
380,141,93,1,42.15
381,142,476,1,407.52
382,142,41,2,183.31
383,143,337,1,221.67
384,143,275,2,51.01
385,143,351,1,203.38
386,143,468,1,195.93
387,144,61,3,422.95
388,144,107,1,297.42
389,144,449,1,192.98
390,144,368,1,431.98
391,145,322,1,434.82
392,145,230,3,336.57
393,145,347,1,345.68
394,146,56,1,467.51
395,146,518,2,426.68
396,146,170,1,248.37
397,147,455,2,226.81
398,147,511,1,63.76
399,147,510,1,13.80
400,148,312,2,283.35
401,148,468,3,184.85
402,149,117,1,331.16
403,149,3,1,415.79
404,150,144,2,372.54
405,151,347,1,210.16
406,151,127,1,228.00
407,151,517,1,251.92
408,152,182,1,90.96
409,152,132,1,330.47
410,153,302,1,71.02
411,153,423,1,443.79
412,154,136,3,326.79
413,154,183,1,348.68
414,154,331,1,381.58
415,155,14,1,17.51
416,155,149,1,33.02
417,155,274,1,84.66
418,155,294,1,77.48
419,156,464,1,434.68
420,156,230,1,282.83
421,157,208,1,391.56
422,157,454,2,456.19
423,157,377,1,275.57
424,157,202,1,482.32
425,158,387,1,143.16
426,158,271,1,294.07
427,158,262,1,235.83
428,159,367,1,355.30
429,159,226,3,262.70
430,160,219,1,168.88
431,161,250,3,342.86
432,162,384,1,256.82
433,163,8,1,109.34
434,163,219,2,214.98
435,163,107,1,415.23
436,163,446,1,470.18
437,163,158,1,359.85
438,164,265,1,228.31
439,164,415,1,13.36
440,165,515,1,394.51
441,165,309,1,144.35
442,166,226,1,198.54
443,166,303,3,76.32
444,167,88,1,375.41
445,167,353,1,453.29
446,167,146,1,114.29
447,167,259,1,94.77
448,168,75,1,38.34
449,168,101,1,292.39
450,168,339,1,337.29
451,169,374,2,479.54
452,170,369,1,367.82
453,170,492,1,182.58
454,171,202,1,443.74
455,171,79,1,446.59
456,171,32,2,291.56
457,171,218,2,278.04
458,172,298,1,253.06
459,173,150,1,244.33
460,174,212,1,396.77
461,174,398,1,230.05
462,175,388,1,328.40
463,175,80,1,191.28
464,176,494,2,8.27
465,176,143,1,118.85
466,177,425,2,361.53
467,177,494,1,242.12
468,177,166,1,208.40
469,178,58,1,461.61
470,179,483,2,89.43
471,179,421,1,398.33
472,179,187,1,257.85
473,180,388,1,58.74
474,180,208,1,455.12
475,180,430,2,304.73
476,180,182,1,309.30
477,181,442,1,188.34
478,181,45,1,217.33
479,181,494,1,193.71
480,181,101,1,130.99
481,182,6,1,395.76
482,182,121,1,190.64
483,183,434,1,307.88
484,183,407,1,209.55
485,184,353,1,202.07
486,184,142,2,331.35
487,185,54,1,482.46
488,186,82,1,363.62
489,186,411,1,262.90
490,187,293,1,393.06
491,187,238,1,338.64
492,187,369,1,5.14
493,187,162,1,141.59
494,187,410,1,200.60
495,188,292,1,281.76
496,188,357,1,408.68
497,188,232,1,101.29
498,189,120,2,478.57
499,189,257,1,483.20
500,189,496,1,379.95
501,190,236,2,209.15
502,190,362,1,9.81
503,190,270,1,51.04
504,191,276,1,374.35
505,192,272,1,105.37
506,192,256,2,181.23
507,192,110,1,43.85
508,192,505,1,383.30
509,192,44,2,188.74
510,193,132,1,400.64
511,194,124,1,232.73
512,194,9,1,109.32
513,194,104,1,308.33
514,194,266,1,135.11
515,195,411,1,94.05
516,195,135,3,344.58
517,195,103,1,403.02
518,196,10,1,252.30
519,197,168,1,407.84
520,198,264,1,208.82
521,198,360,2,481.74
522,199,391,1,234.56
523,199,149,2,322.09
524,200,299,1,304.67
525,201,189,2,66.89
526,201,241,1,470.52
527,201,82,1,201.54
528,201,98,1,439.95
529,202,235,1,145.67
530,202,130,1,420.07
531,203,182,1,230.99
532,203,446,1,321.57
533,204,375,1,82.08
534,204,11,1,408.61
535,205,441,1,300.52
536,205,8,1,98.34
537,206,388,1,44.21
538,206,246,1,400.98
539,206,279,1,372.75
540,207,279,1,248.54
541,207,329,1,29.57
542,208,93,1,249.32
543,209,150,1,388.95
544,209,74,1,94.89
545,209,257,2,414.98
546,209,125,3,358.77
547,210,97,1,491.15
548,210,485,1,480.80
549,210,331,1,365.48
550,210,126,1,321.07
551,211,172,1,294.42
552,211,406,1,9.42
553,212,347,2,498.50
554,212,62,1,324.06
555,213,450,1,15.57
556,213,387,1,71.69
557,214,480,1,416.52
558,214,165,1,81.74
559,215,373,1,123.20
560,215,65,1,271.78
561,215,397,1,343.20
562,216,69,1,469.21
563,216,183,2,105.03
564,216,498,1,20.75
565,217,504,2,416.88
566,217,480,2,35.05
567,217,426,2,398.15
568,218,222,3,53.07
569,218,237,1,98.78
570,219,162,1,301.96
571,219,361,2,277.29
572,220,247,1,110.89
573,220,261,1,228.94
574,220,407,1,22.16
575,221,283,2,258.08
576,221,159,1,232.88
577,222,308,1,202.90
578,222,223,1,363.17
579,222,495,1,413.72
580,222,98,1,153.69
581,223,124,2,117.23
582,223,12,1,317.94
583,223,56,1,25.39
584,223,154,1,350.40
585,224,93,1,148.44
586,224,404,1,171.40
587,225,139,1,103.06
588,226,249,1,389.50
589,226,332,1,290.13
590,226,116,1,214.65
591,227,453,1,223.03
592,227,240,1,190.04
593,227,88,1,32.00
594,227,152,2,410.97
595,228,209,1,376.43
596,228,495,1,496.19
597,229,206,1,310.89
598,229,55,1,472.86
599,229,69,1,139.30
600,230,390,1,356.30
601,230,324,1,300.57
602,230,91,1,252.82
603,231,356,1,180.91
604,231,310,1,489.23
605,232,287,1,174.18
606,232,403,1,48.46
607,232,392,1,340.61
608,233,135,1,73.60
609,233,208,2,157.95
610,233,139,1,454.96
611,233,149,1,284.60
612,234,31,1,440.67
613,234,424,3,155.16
614,235,274,1,308.12
615,235,238,1,17.91
616,235,82,1,240.92
617,235,515,2,237.04
618,235,383,1,196.79
619,235,486,1,100.66
620,236,450,2,247.52
621,236,333,2,444.36
622,236,438,1,25.70
623,237,40,1,228.55
624,238,397,1,317.17
625,238,51,1,222.58
626,239,463,1,252.83
627,239,185,1,469.23
628,240,207,2,49.64
629,240,332,1,454.05
630,240,168,1,66.15
631,241,390,1,89.59
632,241,344,1,331.47
633,241,154,1,76.58
634,241,53,1,158.21
635,242,4,1,130.29
636,242,470,1,251.83
637,243,7,1,275.93
638,244,149,2,335.16
639,244,306,1,48.41
640,244,112,1,93.23
641,245,70,1,422.44
642,245,67,1,71.60
643,246,60,1,366.22
644,246,90,1,345.88
645,246,295,1,424.66
646,247,185,2,120.20
647,247,298,3,5.78
648,248,218,1,104.59
649,249,350,1,286.62
650,249,30,2,101.04
651,249,347,2,242.16
652,249,486,1,324.60
653,250,424,2,32.73
654,250,307,1,340.71
655,250,20,1,344.32
656,251,170,1,197.84
657,251,120,2,377.01
658,251,323,1,139.39
659,251,89,1,122.63
660,252,39,1,457.11
661,252,455,1,400.52
662,253,101,2,469.32
663,253,136,1,23.09
664,253,397,1,263.56
665,254,48,1,384.26
666,254,320,1,380.45
667,255,280,1,140.45
668,255,16,3,282.01
669,255,105,1,178.41
670,256,455,1,19.35
671,257,457,1,159.66
672,257,203,1,337.08
673,258,467,1,323.99
674,259,339,1,441.79
675,259,465,1,37.36
676,259,116,1,233.31
677,259,175,1,177.56
678,260,73,1,268.71
679,260,411,1,123.09
680,261,351,1,121.90
681,261,80,1,357.39
682,261,499,1,300.06
683,262,389,1,324.27
684,263,458,1,342.35
685,263,325,1,398.20
686,264,9,1,257.66
687,264,131,2,35.89
688,264,55,1,282.21
689,264,368,1,144.69
690,265,143,1,195.37
691,265,369,2,81.36
692,265,129,1,40.51
693,266,436,1,229.93
694,266,435,1,227.77
695,266,364,1,215.26
696,267,495,1,61.02
697,267,494,3,44.63
698,267,287,1,43.73
699,268,320,1,452.27
700,268,12,1,258.77
701,268,481,1,169.10
702,269,267,1,239.21
703,269,174,1,329.88
704,270,285,1,309.82
705,270,282,2,12.03
706,270,115,1,455.52
707,270,155,1,188.03
708,270,180,1,351.88
709,271,508,1,209.41
710,271,393,1,222.89
711,271,172,1,368.51
712,272,409,1,240.75
713,272,240,1,354.28
714,273,43,1,267.99
715,274,277,1,53.65
716,275,185,1,10.24
717,275,9,2,10.92
718,275,101,1,344.32
719,276,59,2,330.02
720,276,223,3,320.85
721,276,123,1,304.32
722,276,385,1,450.45
723,277,465,2,141.81
724,278,398,1,34.73
725,278,272,1,39.35
726,278,206,1,93.33
727,279,73,1,129.05
728,279,457,1,251.36
729,279,1,2,333.98
730,280,503,1,204.94
731,280,72,1,6.64
732,280,494,1,269.98
733,281,83,2,381.42
734,282,400,2,317.16
735,282,368,1,443.18
736,283,316,1,482.65
737,283,461,3,13.13
738,284,153,1,120.33
739,284,74,1,75.09
740,284,20,1,459.42
741,285,66,2,57.63
742,286,124,3,290.10
743,287,426,1,188.11
744,287,169,1,463.21
745,287,42,1,396.57
746,288,92,1,298.90
747,288,291,1,404.67
748,288,488,1,107.05
749,289,512,1,48.57
750,289,309,1,7.26
751,289,242,1,493.37
752,290,476,1,331.37
753,290,284,1,60.78
754,290,153,1,484.44
755,291,465,1,371.51
756,291,181,1,19.39
757,291,119,1,121.47
758,292,113,1,53.54
759,292,423,2,190.89
760,292,226,1,294.62
761,293,199,1,487.90
762,293,208,1,20.89
763,294,352,1,151.10
764,294,161,1,320.81
765,294,175,1,278.61
766,294,236,1,429.20
767,295,253,1,219.95
768,295,228,2,297.93
769,296,517,1,267.91
770,297,224,1,151.42
771,297,93,1,336.17
772,297,166,1,429.67
773,297,25,3,234.56
774,297,142,2,205.65
775,298,34,1,377.68
776,298,213,1,45.07
777,298,344,1,32.13
778,299,180,1,353.91
779,299,210,1,170.79
780,300,231,1,449.48
781,300,516,1,142.19
782,301,300,1,187.23
783,301,68,1,442.57
784,302,115,1,250.68
785,303,22,1,36.16
786,304,456,1,285.79
787,304,314,1,133.70
788,304,496,1,147.63
789,305,187,3,420.47
790,305,158,1,62.87
791,305,325,1,223.24
792,306,460,1,85.49
793,306,309,1,17.34
794,306,512,1,474.16
795,306,328,1,485.22
796,307,151,1,365.63
797,307,453,1,60.60
798,307,491,2,74.01
799,307,120,1,203.81
800,308,228,1,384.71
801,308,201,1,271.51
802,309,370,1,359.40
803,309,438,1,189.55
804,309,292,1,157.50
805,309,457,2,48.36
806,309,455,1,210.73
807,310,89,1,155.10
808,310,344,1,480.25
809,311,141,1,416.98
810,312,506,1,234.41
811,312,28,1,81.24
812,313,251,1,383.54
813,313,505,3,38.03
814,313,371,1,284.96
815,313,265,1,240.64
816,314,60,1,233.22
817,314,139,1,31.18
818,314,370,1,456.49
819,314,365,1,149.37
820,314,79,1,384.39
821,315,99,1,179.06
822,315,148,1,261.49
823,316,159,1,416.63
824,317,357,1,184.47
825,317,453,2,300.84
826,317,351,1,155.82
827,318,129,1,490.65
828,318,436,1,393.09
829,318,80,1,244.71
830,319,45,1,335.46
831,320,360,1,77.05
832,320,285,2,177.18
833,320,165,2,391.50
834,321,176,2,270.88
835,321,102,2,460.64
836,322,364,3,214.93
837,323,370,1,280.78
838,324,455,1,206.60
839,324,439,1,39.46
840,325,88,1,200.43
841,325,105,1,446.75
842,325,173,1,487.73
843,325,347,1,422.79
844,326,410,1,335.01
845,326,415,3,258.15
846,326,151,1,58.48
847,327,28,3,194.40
848,327,335,1,312.87
849,327,99,1,332.23
850,328,352,2,272.56
851,328,19,3,20.64
852,328,441,2,63.97
853,329,169,1,71.57
854,330,488,1,82.37
855,331,29,1,68.46
856,331,376,1,372.32
857,331,28,1,314.45
858,331,390,1,175.85
859,332,87,2,37.42
860,332,313,1,89.04
861,333,481,1,492.95
862,333,387,1,164.60
863,334,348,1,153.26
864,334,447,1,319.54
865,334,78,2,270.24
866,335,98,1,140.32
867,335,487,1,176.92
868,335,79,1,154.41
869,336,465,1,276.04
870,336,20,1,260.53
871,337,445,2,364.67
872,337,62,1,185.32
873,337,152,1,374.48
874,337,308,2,208.08
875,338,294,1,131.94
876,338,242,1,61.21
877,339,164,1,19.43
878,339,285,1,92.11
879,340,66,2,206.47
880,340,373,1,443.43
881,341,258,1,49.67
882,342,224,1,91.70
883,342,282,1,130.88
884,343,372,1,187.03
885,343,316,1,483.57
886,343,36,2,332.80
887,343,56,1,395.46
888,343,246,1,195.42
889,344,243,2,197.29
890,345,450,1,440.34
891,345,417,1,140.65
892,345,83,2,470.55
893,346,165,1,255.64
894,346,361,1,365.97
895,346,335,1,18.54
896,346,54,1,95.95
897,346,455,1,72.37
898,347,134,2,344.45
899,348,336,1,103.34
900,348,425,1,199.78
901,349,92,3,103.14
902,349,173,1,310.91
903,350,15,1,220.40
904,350,465,2,249.60
905,351,442,2,302.04
906,351,290,1,98.73
907,351,185,1,77.24
908,352,470,1,237.10
909,353,363,3,469.96
910,353,47,1,254.75
911,353,391,1,200.37
912,353,380,1,446.65
913,354,92,1,267.56
914,354,146,1,160.07
915,355,324,1,248.18
916,355,155,1,461.81
917,356,482,1,354.45
918,356,447,1,448.11
919,356,507,1,181.48
920,356,497,1,60.68
921,356,152,1,51.32
922,357,79,1,251.56
923,358,383,1,475.85
924,358,332,1,45.13
925,359,464,1,367.11
926,359,133,1,29.10
927,359,290,1,32.49
928,359,73,1,303.13
929,359,95,1,93.12
930,359,409,1,426.91
931,360,306,1,219.02
932,360,318,2,303.74
933,360,368,1,416.87
934,361,378,1,219.88
935,362,153,3,343.74
936,362,308,2,263.93
937,362,303,1,277.74
938,362,47,1,257.77
939,363,184,1,422.24
940,363,47,1,438.99
941,363,305,1,363.43
942,363,461,1,136.21
943,364,109,1,13.87
944,364,405,1,90.01
945,364,489,1,205.52
946,364,499,1,407.50
947,365,193,2,108.57
948,365,149,1,220.72
949,365,196,1,386.01
950,366,483,1,227.51
951,366,249,1,286.87
952,366,402,1,8.90
953,366,443,3,425.07
954,366,298,1,202.84
955,367,275,2,211.48
956,368,197,1,221.86
957,368,225,1,344.06
958,369,369,1,400.88
959,369,166,1,144.82
960,369,89,1,68.90
961,370,241,1,28.29
962,371,117,1,64.74
963,371,230,1,496.86
964,371,364,1,386.20
965,372,107,1,463.68
966,372,449,1,481.51
967,373,172,1,436.08
968,374,142,1,104.94
969,374,426,1,8.26
970,375,252,1,377.99
971,375,432,1,73.31
972,376,371,2,224.08
973,377,155,2,33.62
974,377,303,1,443.46
975,377,312,1,160.28
976,377,353,1,143.49
977,378,453,1,444.40
978,378,415,1,441.08
979,378,87,1,170.57
980,379,29,2,272.27
981,379,265,1,388.21
982,379,433,3,59.67
983,380,128,1,288.36
984,380,6,1,491.56
985,381,254,1,260.64
986,381,198,2,183.83
987,381,101,1,215.72
988,382,80,1,265.50
989,382,405,2,294.23
990,382,434,3,346.06
991,382,502,1,211.38
992,383,467,1,374.52
993,384,297,1,80.89
994,384,381,1,190.36
995,385,501,1,276.03
996,385,70,2,211.70
997,386,136,1,254.86
998,386,472,1,335.27
999,386,153,2,165.98
1000,387,285,1,433.65
1001,387,26,1,399.10
1002,387,317,1,66.27
1003,387,88,1,311.26
1004,387,55,3,263.27
1005,388,211,1,354.28
1006,388,455,1,269.10
1007,389,325,1,50.06
1008,389,102,1,146.25
1009,389,188,1,49.37
1010,390,60,1,53.88
1011,390,146,1,165.49
1012,390,385,2,450.25
1013,391,417,1,19.31
1014,391,240,2,14.22
1015,391,104,1,279.58
1016,391,129,1,206.34
1017,392,434,3,279.80
1018,392,43,1,235.00
1019,392,297,1,87.85
1020,393,289,1,370.90
1021,393,72,1,200.68
1022,393,126,2,363.91
1023,394,351,1,489.92
1024,394,464,1,332.83
1025,395,5,2,337.99
1026,395,424,1,349.76
1027,395,501,1,271.38
1028,395,80,1,446.82
1029,396,397,1,385.14
1030,396,9,1,188.39
1031,397,311,2,114.47
1032,397,506,3,23.21
1033,397,505,2,354.95
1034,397,215,1,492.21
1035,398,180,1,68.48
1036,398,67,1,467.11
1037,398,234,2,365.80
1038,399,54,2,164.88
1039,400,45,2,116.15
1040,401,232,3,214.79
1041,401,77,2,102.45
1042,402,343,2,127.34
1043,402,485,1,173.70
1044,403,128,1,35.04
1045,403,35,1,445.59
1046,403,67,1,35.69
1047,404,58,1,150.98
1048,405,439,2,311.52
1049,406,106,1,358.08
1050,406,199,2,67.36
1051,406,263,1,243.29
1052,407,367,1,443.18
1053,408,149,1,256.02
1054,408,56,1,101.73
1055,409,340,2,285.22
1056,409,344,1,212.25
1057,410,236,1,110.50
1058,411,11,1,19.86
1059,411,118,1,223.00
1060,411,369,1,19.69
1061,412,252,1,15.64
1062,412,269,2,15.39
1063,413,445,2,37.36
1064,413,148,2,69.74
1065,413,195,1,192.21
1066,414,194,2,150.62
1067,415,501,1,45.30
1068,416,511,1,93.60
1069,416,383,1,244.23
1070,416,507,1,292.69
1071,417,436,2,287.83
1072,417,384,1,46.96
1073,417,87,1,261.82
1074,418,443,1,403.23
1075,418,325,1,17.24
1076,418,453,1,324.45
1077,419,122,1,23.95
1078,419,206,1,339.18
1079,420,268,1,153.24
1080,420,355,1,204.89
1081,420,416,2,380.11
1082,421,480,1,233.39
1083,421,88,1,97.98
1084,421,428,1,227.74
1085,422,364,1,212.48
1086,422,414,1,346.81
1087,422,307,1,16.50
1088,422,33,2,81.08
1089,423,112,1,481.16
1090,423,312,1,56.64
1091,424,211,1,331.49
1092,424,72,1,187.48
1093,425,212,1,106.81
1094,425,443,2,334.07
1095,425,163,1,469.88
1096,426,66,2,304.40
1097,427,356,1,357.27
1098,428,394,2,95.80
1099,429,69,1,362.59
1100,429,223,2,208.58
1101,430,462,1,107.65
1102,430,46,1,41.23
1103,431,140,1,375.59
1104,431,497,1,45.86
1105,431,249,1,221.67
1106,432,128,1,198.47
1107,432,80,1,10.55
1108,432,280,1,182.25
1109,433,106,1,157.62
1110,433,54,1,29.09
1111,434,29,3,171.87
1112,435,111,2,164.73
1113,435,195,1,467.49
1114,435,405,2,64.80
1115,436,399,1,113.95
1116,436,286,1,187.65
1117,436,69,2,208.49
1118,436,512,3,55.40
1119,437,137,1,319.50
1120,437,326,3,334.85
1121,437,70,1,306.22
1122,437,460,1,322.09
1123,438,243,1,379.84
1124,438,82,1,190.39
1125,439,285,1,394.55
1126,439,41,1,488.90
1127,439,296,1,118.36
1128,440,228,1,193.84
1129,440,330,1,316.74
1130,441,210,1,43.69
1131,441,479,1,362.23
1132,441,251,1,304.90
1133,442,369,1,88.04
1134,442,452,1,306.65
1135,442,444,1,410.70
1136,443,180,1,234.51
1137,444,159,2,7.07
1138,444,513,1,190.26
1139,445,128,1,284.98
1140,445,199,1,478.76
1141,446,395,2,369.15
1142,446,249,1,461.13
1143,446,371,1,339.83
1144,447,166,1,386.63
1145,447,394,1,295.15
1146,447,83,1,98.47
1147,448,392,1,368.30
1148,448,92,1,288.44
1149,448,353,2,138.17
1150,448,215,2,202.00
1151,449,296,1,89.46
1152,449,384,1,71.49
1153,450,188,2,99.98
1154,451,88,1,142.00
1155,451,351,1,121.22
1156,452,43,1,263.56
1157,452,8,1,262.44
1158,453,323,2,470.79
1159,453,409,1,33.33
1160,454,126,2,143.34
1161,454,255,1,311.08
1162,455,334,1,120.61
1163,456,103,1,150.46
1164,457,479,1,225.91
1165,457,119,1,272.63
1166,458,335,2,384.32
1167,459,352,1,360.13
1168,459,391,1,393.62
1169,459,448,2,115.66
1170,460,119,1,68.07
1171,461,374,1,467.29
1172,461,130,1,302.80
1173,462,304,2,252.42
1174,462,467,1,145.28
1175,462,36,1,157.90
1176,463,386,1,406.05
1177,463,157,2,109.25
1178,463,231,1,31.02
1179,464,402,1,340.56
1180,465,404,1,165.09
1181,465,56,2,356.25
1182,466,224,2,101.85
1183,466,10,1,428.79
1184,467,486,1,30.97
1185,467,347,1,485.01
1186,467,414,1,63.81
1187,467,407,1,345.55
1188,468,456,1,64.40
1189,468,85,1,322.50
1190,468,231,1,288.63
1191,469,129,1,36.43
1192,469,190,1,351.87
1193,470,128,1,107.69
1194,470,121,1,301.56
1195,471,263,2,22.33
1196,471,128,1,184.96
1197,471,176,1,472.89
1198,472,144,1,349.08
1199,472,361,1,257.74
1200,472,102,1,27.14
1201,473,433,1,131.21
1202,473,391,1,85.84
1203,474,209,1,367.67
1204,474,198,1,284.00
1205,475,80,1,268.08
1206,475,417,1,321.89
1207,475,372,2,390.15
1208,475,150,2,116.75
1209,476,314,1,404.37
1210,476,98,1,351.73
1211,476,289,1,305.70
1212,477,413,1,68.15
1213,477,10,1,358.05
1214,478,256,1,212.03
1215,479,313,1,159.80
1216,479,93,1,42.96
1217,480,505,2,10.29
1218,480,435,1,466.56
1219,481,354,1,370.80
1220,482,231,1,186.69
1221,482,137,1,476.48
1222,482,433,1,89.39
1223,483,219,1,317.43
1224,483,404,1,155.89
1225,484,363,1,178.11
1226,484,191,1,9.39
1227,484,442,1,46.95
1228,484,158,1,456.99
1229,485,450,1,222.48
1230,485,144,1,219.81
1231,485,368,2,356.06
1232,486,33,1,103.50
1233,486,491,3,491.55
1234,487,399,1,479.05
1235,487,22,1,175.34
1236,488,9,1,148.29
1237,489,270,3,127.44
1238,489,440,1,354.70
1239,489,106,1,253.66
1240,490,197,2,216.02
1241,490,205,1,30.22
1242,490,418,1,351.58
1243,490,237,1,215.91
1244,490,63,1,323.72
1245,491,42,1,331.91
1246,491,330,1,238.67
1247,492,312,1,336.13
1248,492,134,1,371.94
1249,492,371,1,296.51
1250,493,43,1,456.53
1251,494,352,1,239.73
1252,495,356,2,227.00
1253,495,121,2,38.52
1254,495,430,1,476.46
1255,495,23,1,140.70
1256,496,408,1,268.57
1257,497,212,1,84.20
1258,498,266,1,114.07
1259,498,275,1,89.70
1260,498,47,1,149.46
1261,498,152,2,142.49
1262,499,378,1,473.48
1263,499,271,1,207.13
1264,500,263,3,271.01
1265,501,276,1,316.75
1266,501,405,1,119.70
1267,501,445,1,451.57
1268,502,503,2,94.30
1269,502,289,1,85.64
1270,503,103,1,72.96
1271,503,13,1,192.05
1272,503,22,1,11.71
1273,503,45,1,386.21
1274,503,275,1,315.56
1275,504,88,1,242.81
1276,505,127,1,27.04
1277,505,304,1,443.80
1278,506,294,1,440.10
1279,507,122,1,462.73
1280,507,87,2,304.23
1281,508,309,1,147.07
1282,508,107,1,252.13
1283,508,378,2,406.31
1284,508,79,1,431.55
1285,509,286,1,164.91
1286,509,131,1,195.58
1287,509,327,1,243.24
1288,509,424,1,320.12
1289,510,505,1,411.60
1290,510,394,1,358.89
1291,510,225,1,121.42
1292,511,143,1,76.35
1293,512,142,1,349.41
1294,512,147,1,18.04
1295,512,435,1,352.19
1296,512,76,1,298.99
1297,513,187,1,74.36
1298,513,307,1,362.67
1299,513,455,1,349.15
1300,514,165,1,417.18
1301,514,466,1,415.61
1302,515,129,1,203.20
1303,515,58,1,95.93
1304,515,80,2,236.88
1305,515,321,1,205.52
1306,516,344,1,144.69
1307,516,110,1,300.57
1308,517,46,1,396.16
1309,517,47,1,51.14
1310,518,323,1,364.22
1311,518,133,1,53.20
1312,518,418,2,254.27
1313,518,515,2,79.34
1314,518,392,1,435.06
1315,518,39,1,80.01
1316,519,514,1,365.72
1317,519,350,1,69.94
1318,520,214,3,305.40
1319,521,90,1,230.13
1320,521,174,2,84.93
1321,521,287,1,179.92
1322,521,73,1,387.11
1323,522,500,1,430.21
1324,523,461,1,438.39
1325,523,44,1,323.71
1326,523,251,1,282.60
1327,523,159,2,148.88
1328,524,478,1,269.88
1329,524,477,1,94.24
1330,524,111,2,461.63
1331,525,118,1,23.95
1332,525,160,2,77.03
1333,525,219,1,20.51
1334,526,219,1,434.67
1335,526,434,1,319.67
1336,526,86,1,140.58
1337,526,84,1,357.54
1338,526,430,1,336.47
1339,527,430,1,270.08
1340,527,165,3,221.21
1341,528,80,1,291.35
1342,528,149,1,493.25
1343,528,325,1,448.77
1344,529,129,1,321.26
1345,529,100,1,374.13
1346,530,15,1,185.08
1347,531,117,2,232.12
1348,532,291,1,469.26
1349,532,102,3,403.94
1350,533,103,1,254.16
1351,533,34,1,426.59
1352,533,217,1,230.04
1353,534,406,1,190.45
1354,535,425,1,17.99
1355,535,384,2,261.89
1356,535,326,1,479.78
1357,536,440,1,319.96
1358,536,178,1,162.47
1359,536,163,1,54.29
1360,536,130,1,317.56
1361,536,402,2,315.52
1362,537,157,1,355.25
1363,538,367,1,328.00
1364,538,228,1,270.03
1365,538,252,1,404.51
1366,539,114,1,299.97
1367,539,110,1,134.69
1368,539,185,1,249.65
1369,539,371,2,107.95
1370,539,104,1,15.87
1371,540,462,2,94.00
1372,540,11,2,331.53
1373,541,6,1,372.14
1374,541,125,1,19.63
1375,541,24,1,381.68
1376,541,222,2,61.82
1377,542,281,1,476.85
1378,542,357,1,327.70
1379,542,479,1,250.42
1380,543,320,1,106.89
1381,543,500,1,225.85
1382,543,279,2,313.34
1383,543,393,1,285.74
1384,544,420,1,414.21
1385,544,361,1,61.75
1386,544,331,1,97.03
1387,544,252,1,330.19
1388,545,330,2,283.01
1389,545,395,1,110.03
1390,546,432,1,220.43
1391,546,328,1,29.58
1392,546,506,1,495.18
1393,546,432,1,229.13
1394,547,5,2,145.76
1395,547,413,1,269.07
1396,547,41,1,13.05
1397,548,321,1,28.30
1398,549,30,1,413.60
1399,550,91,1,451.63
1400,550,378,2,271.09
1401,550,6,2,434.67
1402,550,266,2,26.32
1403,551,472,1,163.07
1404,551,152,1,444.46
1405,552,495,1,135.59
1406,553,62,1,336.90
1407,553,480,2,98.02
1408,553,108,1,407.93
1409,553,321,1,159.35
1410,553,465,1,424.66
1411,554,208,1,98.04
1412,554,285,1,344.70
1413,554,105,1,438.72
1414,554,113,1,447.58
1415,555,442,1,201.48
1416,555,442,1,31.31
1417,555,280,1,29.32
1418,556,283,1,249.34
1419,556,444,1,29.69
1420,557,283,1,312.01
1421,557,415,1,55.15
1422,557,275,1,89.66
1423,558,190,1,351.73
1424,558,489,1,427.02
1425,558,245,1,342.31
1426,558,171,1,450.44
1427,559,10,1,484.92
1428,559,2,1,127.52
1429,559,113,1,13.61
1430,559,298,2,265.01
1431,560,360,3,132.38
1432,560,499,1,232.08
1433,560,362,1,170.20
1434,561,146,1,20.30
1435,561,442,1,373.46
1436,561,199,2,192.00
1437,561,111,3,439.19
1438,561,461,3,438.67
1439,562,196,1,262.44
1440,562,352,2,65.87
1441,563,297,1,333.84
1442,563,311,1,36.99
1443,564,501,1,218.01
1444,565,159,3,358.03
1445,565,147,3,102.38
1446,565,83,1,20.91
1447,565,364,1,340.86
1448,566,178,1,341.07
1449,567,88,1,463.92
1450,567,473,1,191.10
1451,568,367,1,216.70
1452,568,431,3,233.34
1453,569,131,1,450.46
1454,569,301,1,423.33
1455,569,129,1,7.95
1456,570,100,2,284.89
1457,570,340,2,65.11
1458,570,55,1,260.55
1459,570,508,1,448.05
1460,571,118,1,80.75
1461,572,518,1,32.55
1462,572,125,1,244.44
1463,572,189,2,421.65
1464,573,247,1,372.12
1465,573,206,1,148.57
1466,574,427,2,78.34
1467,574,291,1,284.28
1468,575,480,2,231.88
1469,575,10,3,182.09
1470,575,516,1,451.76
1471,575,400,1,91.38
1472,575,156,1,361.01
1473,576,404,1,420.47
1474,577,332,1,292.46
1475,577,414,1,19.61
1476,578,238,3,405.23
1477,578,243,1,440.97
1478,579,453,1,305.23
1479,579,31,2,163.97
1480,579,461,1,494.49
1481,579,205,1,248.10
1482,579,293,1,372.37
1483,580,35,2,447.18
1484,580,369,1,286.31
1485,580,74,1,342.77
1486,581,142,2,222.24
1487,581,386,2,286.73
1488,582,339,1,411.56
1489,582,297,2,129.43
1490,582,367,1,436.38
1491,582,295,1,289.80
1492,583,270,1,20.98
1493,584,338,2,333.35
1494,584,64,1,41.09
1495,584,37,1,40.03
1496,585,509,1,326.92
1497,585,442,1,391.86
1498,585,234,1,32.40
1499,586,494,1,384.01
1500,586,129,1,216.28
1501,587,60,1,50.54
1502,587,11,1,375.00
1503,587,47,3,12.37
1504,588,45,1,303.20
1505,588,251,3,69.21
1506,588,408,1,65.58
1507,588,79,1,469.49
1508,589,300,2,125.88
1509,589,274,1,273.00
1510,590,313,1,109.33
1511,590,382,1,395.03
1512,590,37,3,350.68
1513,590,465,3,15.54
1514,591,508,1,194.38
1515,591,455,1,106.84
1516,592,345,2,454.19
1517,592,222,1,173.77
1518,592,445,2,392.39
1519,592,59,2,278.88
1520,593,244,1,12.52
1521,593,281,1,128.72
1522,593,303,1,200.33
1523,594,128,1,332.08
1524,594,271,2,224.69
1525,594,18,1,235.89
1526,594,368,1,422.94
1527,595,283,1,249.99
1528,595,233,1,77.72
1529,596,451,1,25.77
1530,596,234,1,358.70
1531,596,266,3,12.98
1532,597,116,1,122.30
1533,597,334,1,415.42
1534,597,426,1,216.11
1535,597,290,1,166.64
1536,598,165,1,148.98
1537,598,154,2,17.64
1538,598,217,2,257.84
1539,598,353,2,192.53
1540,599,429,1,65.01
1541,600,325,1,418.82
1542,601,119,1,225.28
1543,602,371,1,304.58
1544,602,460,1,118.73
1545,602,129,2,126.25
1546,603,518,3,290.13
1547,603,203,2,438.82
1548,603,16,1,212.22
1549,603,482,1,67.57
1550,604,398,2,180.41
1551,604,412,1,124.51
1552,604,301,1,449.23
1553,605,447,1,241.17
1554,605,138,1,363.24
1555,605,86,1,8.85
1556,605,379,1,229.50
1557,606,437,1,195.11
1558,606,183,3,25.76
1559,607,122,1,245.88
1560,607,230,2,147.80
1561,607,266,3,377.97
1562,608,173,1,451.76
1563,608,200,1,417.09
1564,608,27,1,144.51
1565,609,89,2,496.57
1566,609,120,3,402.80
1567,609,228,1,166.92
1568,609,344,1,317.16
1569,610,103,2,398.13
1570,610,326,1,281.29
1571,611,226,1,136.32
1572,612,91,3,429.29
1573,613,270,1,317.36
1574,613,241,1,244.70
1575,613,185,2,421.14
1576,614,493,1,113.37
1577,614,295,1,226.35
1578,614,254,1,62.33
1579,614,476,3,332.00
1580,615,275,1,445.46
1581,615,419,1,387.04
1582,616,56,1,365.45
1583,616,348,1,27.59
1584,617,21,3,15.45
1585,617,389,1,353.84
1586,618,204,3,419.88
1587,618,406,2,118.52
1588,619,105,1,396.72
1589,619,44,1,154.23
1590,619,236,1,345.59
1591,620,87,1,254.73
1592,620,426,1,372.61
1593,620,156,1,296.16
1594,621,271,3,290.22
1595,621,386,1,51.07
1596,622,251,1,496.61
1597,622,404,3,382.54
1598,622,111,1,291.05
1599,623,86,1,88.78
1600,623,502,1,46.52
1601,623,413,1,239.39
1602,623,239,1,249.24
1603,624,417,2,137.73
1604,624,215,1,398.37
1605,624,512,1,327.74
1606,624,330,1,244.08
1607,625,125,1,221.61
1608,625,117,1,214.97
1609,625,175,1,264.67
1610,626,278,1,309.47
1611,626,381,1,87.14
1612,626,298,1,106.21
1613,627,139,1,358.97
1614,627,486,1,211.07
1615,627,154,1,496.69
1616,627,6,1,97.90
1617,627,97,1,168.86
1618,628,15,2,140.92
1619,628,437,1,156.35
1620,629,130,1,295.72
1621,629,393,1,387.13
1622,629,284,3,369.95
1623,630,94,2,309.39
1624,630,147,1,437.93
1625,630,332,1,485.07
1626,630,141,1,222.65
1627,631,486,1,420.13
1628,631,325,1,442.23
1629,632,448,1,247.60
1630,632,257,1,281.16
1631,632,446,1,93.12
1632,633,196,1,93.61
1633,634,318,1,455.97
1634,635,281,1,485.71
1635,635,32,2,464.15
1636,635,466,1,239.36
1637,635,107,1,19.27
1638,636,123,1,320.55
1639,636,64,1,429.66
1640,636,285,3,101.12
1641,637,376,1,470.57
1642,637,413,1,335.52
1643,638,518,1,319.47
1644,639,89,1,234.19
1645,640,21,1,395.42
1646,640,223,1,232.87
1647,640,253,1,342.04
1648,641,286,1,161.19
1649,641,232,2,140.04
1650,642,364,1,177.69
1651,642,461,2,345.08
1652,642,175,1,418.19
1653,643,276,1,387.84
1654,644,144,1,164.88
1655,644,387,1,451.13
1656,644,331,1,316.59
1657,644,9,1,240.37
1658,644,345,1,54.60
1659,645,446,1,239.42
1660,645,250,1,189.74
1661,645,346,1,203.57
1662,646,168,1,461.57
1663,647,355,1,86.84
1664,647,1,1,104.20
1665,648,251,1,279.90
1666,648,384,1,83.87
1667,648,103,1,344.96
1668,648,218,2,335.88
1669,648,475,1,382.71
1670,649,435,1,269.39
1671,649,356,1,371.51
1672,650,2,1,377.08
1673,650,80,1,73.35
1674,650,193,1,154.46
1675,650,96,1,328.75
1676,651,168,1,261.09
1677,651,109,1,45.91
1678,651,104,1,205.21
1679,651,13,1,68.73
1680,652,56,1,133.03
1681,652,119,1,402.20
1682,653,154,1,474.36
1683,654,50,1,24.72
1684,654,502,1,29.79
1685,654,379,1,172.04
1686,654,304,1,16.65
1687,655,38,1,201.13
1688,655,180,1,51.81
1689,655,149,1,218.39
1690,656,470,1,166.66
1691,656,40,1,488.54
1692,656,104,1,490.23
1693,657,444,3,397.85
1694,658,51,1,239.09
1695,659,186,1,139.98
1696,659,417,1,392.12
1697,660,227,1,355.96
1698,661,399,1,281.04
1699,662,175,1,131.57
1700,662,34,1,287.80
1701,662,81,1,282.86
1702,663,361,1,210.62
1703,663,24,1,145.52
1704,663,503,3,190.77
1705,664,297,1,83.76
1706,664,411,1,179.25
1707,664,223,1,301.63
1708,664,328,1,316.99
1709,665,294,2,227.48
1710,666,476,1,343.26
1711,666,101,1,328.29
1712,666,429,1,320.03
1713,666,230,1,311.86
1714,667,94,3,16.25
1715,668,484,2,461.09
1716,668,331,1,37.08
1717,669,114,2,419.75
1718,669,164,1,362.41
1719,669,72,1,21.00
1720,670,124,1,305.45
1721,670,25,1,414.74
1722,670,62,1,202.21
1723,670,41,1,359.73
1724,671,115,1,186.40
1725,671,348,1,125.32
1726,672,504,1,379.71
1727,672,351,1,225.11
1728,672,462,1,286.27
1729,672,37,1,78.27
1730,672,296,1,440.68
1731,673,302,1,403.57
1732,673,132,1,149.70
1733,674,13,1,361.96
1734,674,416,1,450.50
1735,674,353,1,295.63
1736,674,514,1,190.31
1737,675,317,1,79.29
1738,675,123,1,181.47
1739,675,471,1,321.13
1740,675,13,2,423.64
1741,676,69,1,481.02
1742,676,82,3,32.71
1743,677,42,3,136.55
1744,677,285,1,99.06
1745,678,489,1,270.78
1746,679,221,1,153.48
1747,679,10,1,431.26
1748,679,115,1,224.11
1749,680,278,1,92.38
1750,680,495,1,475.96
1751,680,307,1,268.43
1752,680,350,1,282.83
1753,681,482,1,93.50
1754,682,188,1,58.81
1755,682,238,1,253.38
1756,682,328,1,238.58
1757,682,308,2,109.09
1758,682,159,1,99.99
1759,682,406,1,426.92
1760,683,235,2,238.63
1761,684,323,1,215.52
1762,684,403,1,7.81
1763,684,414,1,207.35
1764,684,144,3,384.69
1765,685,334,1,370.81
1766,685,221,1,222.85
1767,686,48,1,198.08
1768,686,499,1,493.53
1769,686,385,1,32.78
1770,686,351,1,187.88
1771,686,292,1,71.47
1772,687,23,1,386.10
1773,687,322,3,183.81
1774,688,204,1,353.51
1775,688,262,1,466.68
1776,689,383,1,221.42
1777,690,78,1,487.24
1778,690,116,1,400.30
1779,691,477,1,440.87
1780,691,156,1,41.15
1781,692,22,1,150.44
1782,693,335,1,328.54
1783,693,206,1,289.35
1784,693,364,2,358.88
1785,693,157,1,78.40
1786,694,131,1,477.56
1787,695,364,1,439.43
1788,695,451,1,474.27
1789,695,27,1,373.25
1790,696,390,1,66.70
1791,696,180,1,291.26
1792,697,216,3,400.90
1793,697,369,1,256.82
1794,697,468,1,193.11
1795,697,431,1,429.46
1796,698,87,1,406.03
1797,698,483,1,482.30
1798,698,332,1,424.47
1799,699,215,2,332.17
1800,699,381,1,412.51
1801,699,430,1,468.46
1802,699,156,1,406.11
1803,700,272,1,19.10
1804,700,27,1,444.97
1805,700,36,1,76.45
1806,701,229,1,494.15
1807,701,116,3,234.89
1808,701,426,2,270.68
1809,702,331,1,185.96
1810,702,99,1,375.62
1811,702,201,1,259.79
1812,703,232,1,366.36
1813,703,309,1,487.11
1814,703,274,1,70.20
1815,704,395,1,398.13
1816,704,187,1,319.14
1817,705,416,1,111.34
1818,705,270,1,63.32
1819,705,287,1,259.67
1820,706,99,1,174.48
1821,706,270,1,185.88
1822,707,356,1,220.90
1823,707,85,3,485.98
1824,708,363,1,391.07
1825,708,49,2,184.51
1826,709,156,1,477.79
1827,710,400,2,486.14
1828,711,320,1,368.06
1829,711,69,1,208.14
1830,711,148,1,84.33
1831,712,199,1,178.45
1832,712,232,3,141.73
1833,712,412,1,371.13
1834,712,156,1,75.49
1835,713,238,1,152.92
1836,713,128,1,306.97
1837,713,158,1,489.60
1838,714,478,1,88.39
1839,715,507,2,481.81
1840,715,432,1,57.07
1841,715,287,2,367.56
1842,716,14,1,403.97
1843,716,249,1,114.59
1844,717,392,1,58.36
1845,718,432,2,360.55
1846,718,41,1,395.13
1847,719,186,1,473.25
1848,719,102,1,209.01
1849,719,30,1,425.47
1850,720,49,1,351.06
1851,720,270,1,84.49
1852,721,361,1,371.23
1853,721,234,1,156.39
1854,722,272,2,245.29
1855,722,346,2,448.41
1856,722,164,3,164.77
1857,723,408,1,42.59
1858,723,96,1,300.99
1859,723,415,2,77.15
1860,724,85,1,116.29
1861,725,222,1,151.91
1862,725,22,2,244.22
1863,725,450,1,277.86
1864,725,197,1,424.71
1865,726,270,1,185.43
1866,726,241,1,181.75
1867,727,488,1,56.88
1868,727,234,1,360.19
1869,728,449,1,220.91
1870,728,176,1,226.99
1871,729,283,1,473.94
1872,730,463,1,350.12
1873,730,312,1,287.08
1874,730,417,1,272.11
1875,730,323,2,485.59
1876,730,55,1,182.38
1877,731,184,2,19.60
1878,731,507,1,169.24
1879,731,97,2,289.13
1880,731,397,2,193.74
1881,732,441,2,252.34
1882,732,189,1,104.30
1883,732,360,3,318.34
1884,732,348,1,51.54
1885,732,264,1,305.05
1886,732,61,1,52.27
1887,733,177,1,312.33
1888,733,187,1,488.01
1889,734,40,2,444.68
1890,734,124,2,159.27
1891,734,299,1,343.10
1892,735,399,1,472.29
1893,735,68,1,186.02
1894,736,492,2,455.29
1895,736,102,2,50.02
1896,736,329,2,283.68
1897,736,404,1,323.38
1898,737,25,1,164.15
1899,737,496,1,156.42
1900,738,43,1,49.15
1901,738,178,1,370.93
1902,738,29,1,154.96
1903,739,220,1,475.23
1904,740,16,1,193.84
1905,740,120,2,7.35
1906,740,247,1,458.05
1907,740,339,3,493.61
1908,741,433,1,356.54
1909,742,11,1,209.75
1910,743,460,1,346.30
1911,743,73,1,62.06
1912,744,408,1,146.79
1913,744,268,1,64.10
1914,745,481,1,60.15
1915,745,39,2,96.32
1916,745,70,1,309.58
1917,745,449,1,223.80
1918,745,43,1,254.29
1919,746,350,2,129.15
1920,746,180,1,104.32
1921,746,58,1,80.78
1922,746,299,1,116.49
1923,746,200,1,361.98
1924,747,115,1,207.91
1925,747,18,1,89.11
1926,748,391,1,33.92
1927,748,397,1,64.22
1928,749,397,1,375.29
1929,749,503,1,175.85
1930,750,369,1,147.00
1931,750,179,3,197.28
1932,751,233,3,66.89
1933,751,362,1,205.87
1934,751,428,1,228.89
1935,751,398,1,172.21
1936,752,373,2,276.36
1937,752,419,1,156.91
1938,752,403,1,58.78
1939,753,443,1,224.28
1940,753,212,1,335.16
1941,753,280,3,341.91
1942,754,325,1,434.67
1943,754,134,1,245.91
1944,754,37,1,394.55
1945,754,88,1,460.49
1946,755,324,1,414.99
1947,755,487,1,91.73
1948,756,163,1,316.20
1949,756,288,1,452.31
1950,756,117,1,77.59
1951,757,372,2,294.52
1952,757,187,1,14.83
1953,757,504,2,285.56
1954,758,308,1,458.80
1955,758,114,3,396.53
1956,758,202,3,163.75
1957,759,174,1,130.09
1958,759,287,3,452.62
1959,759,25,1,453.38
1960,759,54,1,351.75
1961,760,83,1,20.53
1962,760,11,1,14.51
1963,761,435,1,174.35
1964,761,355,1,278.43
1965,762,327,2,448.43
1966,762,24,2,404.08
1967,762,110,1,92.67
1968,763,472,1,168.80
1969,763,109,1,32.80
1970,763,143,1,374.30
1971,764,52,1,196.52
1972,764,198,1,102.66
1973,765,181,3,135.31
1974,765,194,1,352.92
1975,765,78,1,425.07
1976,766,423,1,146.27
1977,766,437,1,175.66
1978,766,247,1,329.15
1979,767,441,1,383.39
1980,767,457,1,373.41
1981,768,512,1,247.10
1982,768,195,1,89.42
1983,768,362,1,440.59
1984,768,333,2,424.01
1985,769,325,1,435.77
1986,769,153,1,11.91
1987,769,177,1,473.29
1988,769,223,1,198.69
1989,769,154,1,102.89
1990,770,195,1,363.25
1991,770,444,1,426.54
1992,771,241,1,249.64
1993,771,222,1,11.42
1994,772,125,1,267.17
1995,772,350,1,404.53
1996,772,132,1,485.36
1997,773,321,1,451.41
1998,773,488,1,279.72
1999,773,340,1,451.42
2000,774,482,2,160.16
2001,774,98,1,78.44
2002,774,330,1,248.02
2003,774,273,1,197.84
2004,774,198,1,141.72
2005,775,150,1,478.55
2006,775,497,3,304.36
2007,775,205,2,324.69
2008,776,517,1,396.40
2009,777,81,1,389.02
2010,778,465,1,295.31
2011,779,385,1,316.30
2012,779,332,1,166.67
2013,779,36,1,165.39
2014,779,41,2,32.65
2015,780,168,2,121.33
2016,780,369,3,172.39
2017,780,423,1,39.44
2018,780,411,1,264.72
2019,781,246,1,343.34
2020,781,25,1,422.23
2021,781,231,1,25.88
2022,782,397,1,336.78
2023,782,20,1,148.37
2024,783,377,1,415.37
2025,783,407,1,270.43
2026,784,207,1,131.86
2027,784,201,1,133.87
2028,784,123,1,228.57
2029,785,211,1,287.25
2030,785,306,2,338.73
2031,785,311,1,31.91
2032,785,236,1,442.77
2033,785,259,1,16.79
2034,786,336,1,198.42
2035,786,170,2,242.69
2036,786,293,1,335.18
2037,786,255,1,58.09
2038,787,434,1,189.55
2039,788,146,1,465.41
2040,788,210,1,320.17
2041,788,32,2,466.36
2042,788,179,1,47.62
2043,789,67,1,191.83
2044,789,39,1,416.07
2045,789,423,1,11.57
2046,790,491,1,137.31
2047,790,279,3,98.09
2048,791,501,1,359.21
2049,791,49,1,48.77
2050,791,377,1,238.88
2051,791,168,1,451.40
2052,792,412,1,491.84
2053,793,341,2,324.50
2054,794,350,1,416.85
2055,795,5,1,277.47
2056,796,334,1,399.47
2057,796,405,1,410.58
2058,797,517,1,250.13
2059,797,74,1,156.75
2060,797,416,1,108.58
2061,797,99,3,99.55
2062,797,17,1,64.93
2063,798,413,1,300.79
2064,798,352,1,108.18
2065,798,439,1,460.18
2066,799,485,2,194.96
2067,799,101,1,295.63
2068,800,89,1,274.15
2069,800,85,1,416.16
2070,800,97,1,375.78
2071,801,132,1,339.25
2072,801,29,2,224.99
2073,802,50,1,63.25
2074,802,503,1,228.60
2075,803,256,1,388.99
2076,803,181,1,26.72
2077,803,188,1,433.45
2078,803,506,1,225.11
2079,804,25,1,186.50
2080,804,441,1,264.96
2081,804,378,1,57.63
2082,805,367,1,256.02
2083,805,250,2,438.39
2084,806,383,1,241.55
2085,806,190,1,62.35
2086,806,41,1,77.96
2087,806,137,1,198.40
2088,806,381,1,395.10
2089,806,116,1,136.61
2090,807,490,1,54.03
2091,807,398,1,315.38
2092,807,73,1,67.84
2093,808,253,1,209.69
2094,808,371,2,414.85
2095,808,417,1,218.78
2096,808,329,1,18.69
2097,809,417,1,378.94
2098,809,162,1,263.02
2099,809,510,1,219.21
2100,809,32,1,283.03
2101,810,288,1,404.37
2102,810,350,1,269.97
2103,811,141,1,50.04
2104,812,296,1,117.78
2105,812,332,2,285.18
2106,813,193,1,445.82
2107,813,143,2,345.72
2108,814,474,1,90.84
2109,814,299,1,106.84
2110,814,346,1,325.50
2111,814,509,1,198.86
2112,815,4,1,406.94
2113,815,261,2,230.11
2114,815,284,1,213.14
2115,815,273,1,216.72
2116,816,186,1,381.26
2117,817,434,1,446.20
2118,817,62,1,172.11
2119,817,284,1,124.14
2120,817,226,1,287.46
2121,818,325,1,90.06
2122,818,393,1,310.07
2123,818,165,1,371.53
2124,818,277,2,66.66
2125,819,245,1,220.42
2126,819,396,1,119.93
2127,819,84,1,224.85
2128,820,279,1,338.29
2129,820,448,1,264.35
2130,820,330,1,256.24
2131,821,322,1,140.70
2132,821,298,2,192.82
2133,821,481,3,344.81
2134,822,369,1,248.02
2135,822,457,2,49.28
2136,823,201,2,489.68
2137,823,374,1,118.15
2138,823,163,1,349.18
2139,823,52,1,265.00
2140,824,420,1,262.65
2141,824,238,2,312.37
2142,824,181,1,237.77
2143,824,434,2,121.94
2144,824,201,1,43.14
2145,825,192,1,9.33
2146,825,176,1,259.06
2147,826,377,1,143.24
2148,826,252,1,356.55
2149,826,255,1,304.98
2150,827,414,2,235.98
2151,827,363,1,290.85
2152,827,415,1,264.12
2153,828,306,1,452.56
2154,829,151,1,297.26
2155,830,450,1,202.62
2156,830,477,1,106.32
2157,830,134,1,30.42
2158,831,444,1,150.51
2159,832,361,1,158.62
2160,832,170,1,55.14
2161,832,277,1,257.21
2162,832,381,1,204.69
2163,833,449,1,219.54
2164,833,38,1,276.25
2165,834,451,1,319.43
2166,834,148,1,457.92
2167,834,96,1,141.50
2168,835,156,1,286.25
2169,835,216,1,37.78
2170,835,39,1,243.92
2171,836,471,2,174.65
2172,836,382,2,478.06
2173,836,265,1,276.22
2174,836,339,1,166.63
2175,836,160,1,418.50
2176,837,279,1,256.87
2177,837,511,3,495.70
2178,837,53,3,153.67
2179,838,101,1,255.39
2180,839,68,1,463.43
2181,840,122,1,245.83
2182,841,335,1,427.33
2183,841,104,1,399.12
2184,841,9,1,217.13
2185,842,376,1,459.45
2186,842,366,1,48.32
2187,843,197,1,449.04
2188,844,292,1,233.86
2189,845,167,1,406.08
2190,845,368,3,156.67
2191,846,335,1,233.34
2192,846,159,1,34.08
2193,846,121,1,499.12
2194,847,420,1,323.93
2195,847,310,2,108.84
2196,847,485,1,185.28
2197,848,192,2,234.43
2198,848,408,1,431.97
2199,848,461,1,166.82
2200,848,433,1,479.24
2201,849,343,1,442.69
2202,849,246,1,250.20
2203,849,285,2,361.79
2204,849,428,1,9.57
2205,849,370,1,401.10
2206,850,217,1,341.78
2207,850,518,1,198.39
2208,850,202,1,475.16
2209,850,41,1,360.96
2210,851,486,2,211.54
2211,852,272,1,327.77
2212,853,78,2,140.45
2213,853,427,1,434.93
2214,854,219,1,278.42
2215,854,119,2,463.19
2216,854,399,1,167.65
2217,855,265,1,149.70
2218,855,264,1,453.45
2219,855,209,1,183.91
2220,856,160,2,427.25
2221,856,4,3,37.66
2222,856,277,3,61.12
2223,857,398,2,274.93
2224,857,257,1,455.91
2225,857,89,3,85.33
2226,858,349,2,397.37
2227,858,443,1,258.65
2228,859,233,2,467.23
2229,859,507,1,231.64
2230,860,364,1,333.97
2231,861,99,1,282.90
2232,861,120,1,239.35
2233,862,320,1,215.69
2234,862,40,2,32.18
2235,862,308,1,499.21
2236,863,511,1,153.41
2237,863,24,1,146.15
2238,863,190,1,435.40
2239,863,103,1,52.10
2240,864,81,1,141.87
2241,864,82,2,276.72
2242,865,342,1,30.77
2243,865,71,1,472.62
2244,865,5,1,241.10
2245,865,481,2,205.96
2246,866,107,1,13.34
2247,866,224,1,67.70
2248,867,505,1,34.39
2249,867,217,1,197.28
2250,868,295,1,310.11
2251,869,260,1,290.42
2252,869,123,3,128.15
2253,870,3,1,360.03
2254,870,15,1,173.97
2255,870,458,1,363.54
2256,871,150,1,179.82
2257,871,249,1,474.83
2258,872,470,1,105.90
2259,872,114,2,74.65
2260,872,287,1,385.68
2261,872,485,1,267.15
2262,873,165,1,221.87
2263,874,149,1,362.02
2264,874,261,1,139.55
2265,874,318,1,15.05
2266,875,188,1,488.84
2267,875,4,1,14.69
2268,875,430,1,5.72
2269,875,199,1,367.65
2270,875,436,1,403.27
2271,876,366,1,238.57
2272,876,201,2,165.73
2273,877,79,1,448.48
2274,878,452,1,114.26
2275,878,220,1,52.94
2276,878,263,1,295.81
2277,879,247,1,346.05
2278,879,172,1,349.46
2279,879,7,2,247.33
2280,880,235,2,142.45
2281,881,161,1,27.38
2282,881,184,1,108.49
2283,882,121,1,363.41
2284,882,376,1,440.68
2285,883,36,1,343.80
2286,883,431,1,383.39
2287,884,338,2,82.91
2288,884,221,3,215.32
2289,884,456,1,133.81
2290,885,119,1,67.76
2291,885,56,1,351.63
2292,885,116,1,200.33
2293,885,139,1,94.00
2294,885,238,1,124.04
2295,886,96,1,169.38
2296,886,140,2,26.79
2297,887,433,1,275.63
2298,887,330,1,342.26
2299,887,346,1,383.91
2300,888,169,1,404.95
2301,888,84,1,99.26
2302,888,101,1,447.68
2303,888,381,1,317.27
2304,889,164,1,407.32
2305,889,489,1,263.50
2306,890,44,1,237.09
2307,890,446,1,26.85
2308,890,51,1,134.34
2309,890,252,1,320.15
2310,891,330,1,29.25
2311,891,318,2,393.64
2312,891,385,1,278.51
2313,892,472,1,394.33
2314,893,128,2,458.04
2315,894,511,2,128.26
2316,894,199,1,383.11
2317,894,66,1,124.90
2318,894,68,1,203.04
2319,895,430,1,69.60
2320,895,442,1,158.24
2321,895,258,1,437.35
2322,896,44,1,395.39
2323,896,378,1,343.18
2324,896,301,1,433.41
2325,897,518,2,16.13
2326,897,232,1,187.34
2327,898,64,1,173.26
2328,898,297,1,33.47
2329,898,299,1,458.66
2330,898,214,3,412.85
2331,899,105,1,357.10
2332,899,466,1,362.02
2333,900,203,1,71.68
2334,901,518,1,481.04
2335,901,399,1,480.57
2336,901,417,1,361.54
2337,902,31,1,170.62
2338,902,425,1,68.31
2339,902,14,1,191.76
2340,903,4,2,341.66
2341,903,402,1,397.08
2342,903,138,2,42.74
2343,903,73,2,436.07
2344,903,294,1,149.66
2345,904,418,1,408.40
2346,904,162,2,305.25
2347,905,302,1,270.37
2348,905,44,2,317.09
2349,905,346,1,468.12
2350,905,439,1,396.41
2351,905,48,1,52.51
2352,906,209,1,201.93
2353,906,91,2,382.55
2354,906,396,1,230.54
2355,906,329,2,110.36
2356,907,447,1,245.27
2357,908,42,1,155.48
2358,908,6,1,492.65
2359,908,199,1,122.53
2360,909,380,1,348.51
2361,909,49,1,496.63
2362,909,67,2,146.45
2363,910,431,1,288.49
2364,910,385,2,330.10
2365,911,255,1,284.84
2366,911,302,1,252.72
2367,911,318,1,397.19
2368,912,145,1,217.79
2369,913,469,1,486.31
2370,913,32,1,91.09
2371,913,222,1,471.80
2372,913,234,1,114.10
2373,914,353,3,444.20
2374,914,121,3,451.61
2375,914,445,1,276.88
2376,914,151,1,382.74
2377,915,75,2,112.23
2378,915,494,2,53.64
2379,916,345,3,376.46
2380,916,258,2,389.72
2381,917,31,2,86.30
2382,917,230,1,335.52
2383,918,397,1,42.15
2384,918,198,2,170.75
2385,919,301,1,41.22
2386,919,330,1,206.86
2387,920,18,2,223.12
2388,920,289,1,33.80
2389,921,20,1,50.57
2390,921,504,1,413.87
2391,921,394,2,491.08
2392,922,69,3,103.23
2393,922,465,1,468.93
2394,922,322,1,465.65
2395,923,169,1,43.90
2396,923,168,1,60.75
2397,923,433,1,259.08
2398,923,326,1,250.40
2399,924,304,1,298.31
2400,924,173,2,164.90
2401,924,145,2,150.54
2402,924,45,3,51.79
2403,924,283,1,31.19
2404,924,463,1,128.81
2405,925,95,2,447.66
2406,925,187,1,100.73
2407,925,430,1,275.33
2408,926,249,2,424.80
2409,926,182,1,497.98
2410,926,419,1,118.31
2411,927,465,1,35.24
2412,928,16,1,6.11
2413,929,375,1,170.85
2414,929,459,2,344.94
2415,929,415,1,367.58
2416,929,179,1,287.46
2417,929,336,1,484.61
2418,930,441,1,273.22
2419,930,17,3,67.80
2420,930,39,2,400.20
2421,930,236,1,273.43
2422,930,257,1,149.47
2423,930,134,1,304.77
2424,931,37,1,223.50
2425,931,366,2,121.46
2426,931,412,1,241.41
2427,931,192,1,309.71
2428,931,282,1,43.61
2429,932,447,1,360.68
2430,932,158,2,69.10
2431,933,191,1,397.24
2432,933,378,1,138.32
2433,933,31,1,434.55
2434,934,40,1,66.79
2435,934,287,2,92.07
2436,934,351,2,137.82
2437,935,191,1,318.80
2438,935,137,1,370.98
2439,935,276,1,416.00
2440,936,349,1,134.06
2441,937,172,3,90.07
2442,937,227,2,115.02
2443,937,379,1,430.92
2444,937,517,1,356.75
2445,938,17,1,379.21
2446,938,295,2,115.98
2447,939,342,1,138.22
2448,939,39,1,185.29
2449,940,110,1,90.89
2450,940,220,2,240.55
2451,940,100,1,215.99
2452,941,291,3,397.26
2453,941,37,1,92.78
2454,941,393,1,474.25
2455,941,125,1,264.24
2456,942,241,2,265.76
2457,943,439,1,478.00
2458,943,426,1,227.64
2459,943,453,1,431.98
2460,944,348,1,213.87
2461,945,122,3,407.15
2462,945,439,3,17.57
2463,946,238,1,122.03
2464,946,119,1,434.90
2465,946,71,1,165.37
2466,947,393,1,311.88
2467,947,503,1,481.73
2468,947,228,1,449.94
2469,948,172,2,147.52
2470,948,72,1,403.67
2471,948,178,1,404.83
2472,949,313,1,34.20
2473,949,9,2,262.20
2474,949,426,1,84.27
2475,949,475,1,268.59
2476,950,359,1,163.82
2477,951,465,1,330.55
2478,951,247,1,199.29
2479,952,223,2,329.42
2480,952,191,3,463.41
2481,952,334,1,81.82
2482,952,220,1,441.37
2483,953,148,1,87.45
2484,953,373,1,126.04
2485,954,501,1,234.20
2486,954,505,1,405.08
2487,955,120,1,226.18
2488,955,450,1,287.67
2489,955,451,1,32.44
2490,956,249,1,18.90
2491,957,46,1,279.33
2492,957,477,1,255.43
2493,957,449,1,109.24
2494,958,63,1,461.66
2495,958,42,1,142.67
2496,958,310,1,196.99
2497,959,96,1,78.86
2498,959,172,1,366.23
2499,959,357,1,50.78
2500,959,204,1,328.61
2501,960,426,3,45.91
2502,961,119,1,63.45
2503,962,92,1,194.38
2504,963,449,2,102.99
2505,963,220,1,288.08
2506,963,442,1,108.16
2507,964,154,1,144.61
2508,964,103,1,16.24
2509,964,405,1,74.60
2510,965,199,1,186.53
2511,965,359,1,420.62
2512,965,68,2,369.31
2513,965,2,2,111.24
2514,966,18,1,118.29
2515,966,465,1,141.35
2516,966,435,2,277.10
2517,966,376,1,382.47
2518,967,56,1,184.10
2519,967,166,1,280.98
2520,967,285,1,301.54
2521,968,234,1,430.71
2522,968,110,1,134.23
2523,968,163,2,343.80
2524,968,8,1,356.61
2525,969,463,1,447.06
2526,970,292,1,90.38
2527,970,253,1,421.58
2528,971,126,1,18.19
2529,971,423,1,54.69
2530,971,409,1,471.89
2531,972,63,1,101.77
2532,972,44,1,55.32
2533,972,56,1,118.45
2534,973,180,1,102.29
2535,973,18,1,94.95
2536,974,31,1,282.82
2537,974,342,1,337.17
2538,974,206,1,82.51
2539,974,451,2,419.97
2540,974,404,1,78.71
2541,975,339,1,17.34
2542,975,70,1,30.04
2543,976,269,1,274.22
2544,976,70,2,283.65
2545,976,277,1,160.95
2546,977,305,1,300.98
2547,977,509,2,200.53
2548,978,450,1,407.76
2549,978,392,1,376.20
2550,979,273,1,416.30
2551,979,331,1,109.41
2552,979,297,1,456.42
2553,979,457,2,38.16
2554,980,220,1,260.21
2555,980,176,1,208.32
2556,981,86,1,343.75
2557,981,517,2,391.12
2558,981,460,2,449.24
2559,981,86,3,481.45
2560,982,409,2,155.54
2561,983,451,3,190.03
2562,984,429,1,239.27
2563,984,96,2,94.02
2564,985,277,1,301.95
2565,986,52,1,296.48
2566,986,235,1,133.03
2567,986,91,1,214.64
2568,987,230,1,191.81
2569,987,110,1,232.82
2570,988,432,1,145.10
2571,988,386,1,128.08
2572,988,272,2,217.51
2573,988,273,1,159.63
2574,988,67,1,80.71
2575,989,282,1,66.90
2576,989,515,3,480.28
2577,989,228,1,203.06
2578,990,456,1,38.73
2579,990,23,1,36.39
2580,990,308,1,499.36
2581,990,116,1,379.56
2582,991,418,2,174.16
2583,991,255,1,130.98
2584,991,97,1,390.98
2585,992,149,1,310.06
2586,992,440,1,20.63
2587,992,198,1,140.43
2588,992,427,1,36.27
2589,993,43,1,478.43
2590,994,82,1,209.78
2591,994,108,1,420.67
2592,995,255,1,292.98
2593,996,93,1,296.23
2594,996,322,2,29.40
2595,997,46,1,39.84
2596,997,81,1,365.46
2597,998,267,1,301.75
2598,999,257,1,150.19
2599,999,386,3,342.79
2600,999,281,1,371.58
2601,1000,166,1,396.30
2602,1000,319,1,433.26
